ignore,name,id,manufacturer,type
0,2017 124 Spider ,2740,Abarth,Autoshow
1,2016 695 Biposto,2489,Abarth,Autoshow
2,1980 Fiat 131,1124,Abarth,Autoshow
3,1968 595 Esseesse,2017,Abarth,Autoshow
4,2017 NSX,2352,Acura,Autoshow
5,2002 RSX Type-S,422,Acura,Autoshow
6,2001 Integra Type-R,368,Acura,Autoshow
7,2018 Stelvio Quadrifoglio,2975,Alfa Romeo,Autoshow
8,2017 Giulia Quadrifoglio,2542,Alfa Romeo,Car Pass
9,2017 Giulia Quadrifoglio Forza Edition,2916,Alfa Romeo,Forza Edition
10,2014 4C,2038,Alfa Romeo,Autoshow
11,2008 8C Competizione Forza Edition,2915,Alfa Romeo,Forza Edition
12,2008 8C Competizione,1032,Alfa Romeo,Autoshow
13,1968 33 Stradale,1549,Alfa Romeo,Autoshow
14,1965 Giulia TZ2,2161,Alfa Romeo,Autoshow
15,1965 Giulia Sprint GTA Stradale,1150,Alfa Romeo,Autoshow
16,1934 P3,2122,Alfa Romeo,Other
17,2015 Class 10 Race Car Forza Edition,2913,Alumi Craft,Forza Edition
18,2015 Class 10 Race Car,2552,Alumi Craft,Autoshow
19,1973 Gremlin X,1482,AMC,Autoshow
20,1971 Javelin AMX,1267,AMC,Autoshow
21,2554 M12S Warthog CST,2574,AMG Transport Dynamics,Autoshow
22,2016 Nomad,2430,Ariel,Autoshow
23,2013 Atom 500 V8,1651,Ariel,Story Progression
24,2012 KZ1R,1451,Ascari,Autoshow
25,2018 Vantage,3091,Aston Martin,Car Pass
26,2017 DB11 Preorder Car,3098,Aston Martin,Preorder
27,2017 DB11,2527,Aston Martin,Autoshow
28,2016 Vulcan Forza Edition,2917,Aston Martin,Forza Edition
29,2016 Vulcan,2470,Aston Martin,Autoshow
30,2016 Vantage GT12,2493,Aston Martin,Autoshow
31,2013 V12 Vantage S,2181,Aston Martin,Autoshow
32,2012 Vanquish,1636,Aston Martin,Autoshow
33,2010 One-77,1181,Aston Martin,Autoshow
34,1964 DB5,1105,Aston Martin,Autoshow
35,1960 DB4 GT Zagato,1550,Aston Martin,Barn Find
36,1958 DBR1,1386,Aston Martin,Autoshow
37,2016 R8 V10 Plus,2473,Audi,Autoshow
38,2015 RS 6 Avant,2180,Audi,Autoshow
39,2015 TTS Coupe,2182,Audi,Autoshow
40,2015 S1,2179,Audi,Autoshow
41,2013 R8 Coupe V10 Plus 5.2 FSI Quattro,2010,Audi,Autoshow
42,2013 RS 7 Sportback,2009,Audi,Autoshow
43,2013 RS 4 Avant,1607,Audi,Autoshow
44,2011 RS 5 Coupe,1417,Audi,Autoshow
45,2011 RS 3 Sportback,1216,Audi,Autoshow
46,2010 TT RS Coupe,1220,Audi,Wheelspin
47,2009 RS 6,1104,Audi,Autoshow
48,2006 RS 4,419,Audi,Autoshow
49,2003 RS 6,420,Audi,Autoshow
50,2001 RS 4 Avant,2178,Audi,Autoshow
51,1995 RS 2 Avant,1370,Audi,Autoshow
52,1986 #2 Audi Sport Quattro S1,1478,Audi,Autoshow
53,1983 Sport Quattro,633,Audi,Barn Find
54,1964 FX4 Taxi,2912,Austin,Wheelspin
55,1964 FX4 Taxi HS,3068,Austin,Horizon Story
56,1965 3000 MKIII,1481,Austin-Healey,Autoshow
57,1958 Sprite MKI,1574,Austin-Healey,Autoshow
58,1939 Type D,2096,Auto Union,Autoshow
59,2014 Mono,2040,BAC,Autoshow
60,2017 Continental Supersports,2665,Bentley,Autoshow
61,2016 Bentayga,2625,Bentley,Autoshow
62,2013 Continental GT Speed Forza Edition,2920,Bentley,Forza Edition
63,2013 Continental GT Speed,2041,Bentley,Autoshow
64,1931 4-1/2 Supercharged,2976,Bentley,Barn Find
65,1931 8-Liter,1372,Bentley,Autoshow
66,2019 Z4 Roadster,3173,BMW,Seasonal Reward
67,2018 M5,3071,BMW,Fortune Island
68,2018 I8 Roadster,3114,BMW,Car Pass
69,2016 M4 GTS,2628,BMW,Autoshow
70,2016 M2 Coupe,2477,BMW,Autoshow
71,2016 I8,2133,BMW,Autoshow
72,2015 X6 M,2431,BMW,Autoshow
73,2014 M4 Coupe,2154,BMW,Autoshow
74,2013 M6 Coupe Forza Edition,2922,BMW,Forza Edition
75,2013 M6 Coupe,2018,BMW,Autoshow
76,2012 M5,1388,BMW,Autoshow
77,2011 1 Series M Coupe,1385,BMW,Autoshow
78,2011 Z4 SDrive35IS,1218,BMW,Autoshow
79,2011 X5 M,1350,BMW,Autoshow
80,2009 M5,1126,BMW,Autoshow
81,2008 M3,1011,BMW,Autoshow
82,2008 Z4 M Coupe,1059,BMW,Autoshow
83,2005 M3,383,BMW,Story Progression
84,2003 M5,1367,BMW,Autoshow
85,2002 M3-GTR,565,BMW,Seasonal Reward
86,2002 Z3 M Coupe,1268,BMW,Autoshow
87,1997 M3,382,BMW,Autoshow
88,1995 M5,1418,BMW,Autoshow
89,1991 M3,642,BMW,Autoshow
90,1988 M5 Forza Edition,2921,BMW,Forza Edition
91,1988 M5,1368,BMW,Autoshow
92,1981 M1,1040,BMW,Autoshow
93,1973 2002 Turbo,1269,BMW,Autoshow
94,1957 ISetta 300 Export,2412,BMW,Autoshow
95,2012 EXR S,1494,Bowler,Autoshow
96,2018 Chiron,2624,Bugatti,Autoshow
97,2011 Veyron Super Sport,1328,Bugatti,Autoshow
98,1992 EB110 Super Sport,1219,Bugatti,Autoshow
99,1926 Type 35 C,2066,Bugatti,Autoshow
100,1987 Regal GNX,417,Buick,Autoshow
101,2016 CTS-V Sedan,2421,Cadillac,Autoshow
102,2016 ATS-V,2262,Cadillac,Autoshow
103,2013 XTS Limousine,2128,Cadillac,Wheelspin
104,2012 Escalade ESV,1626,Cadillac,Seasonal Reward
105,1959 Eldorado Biarritz Convertible,1509,Cadillac,Car Pass
106,2018 Maverick X RS Turbo R,2871,Can-Am,Car Pass
107,2013 Superlight R500 Forza Edition,2923,Caterham,Forza Edition
108,2013 Superlight R500,1652,Caterham,Autoshow
109,2019 Corvette ZR1,3118,Chevrolet,Car Pass
110,2018 Camaro ZL1 1LE,3149,Chevrolet,Car Pass
111,2018 Silverado 1500 Deberti Design Drift Truck,3088,Chevrolet,Car Pass
112,2017 Camaro ZL1 Preorder Car,3099,Chevrolet,Preorder
113,2017 Camaro ZL1,2739,Chevrolet,Autoshow
114,2017 Colorado ZR2,2847,Chevrolet,Forzathon Shop
115,2015 Corvette Z06,2177,Chevrolet,Autoshow
116,2015 Camaro Z/28,2183,Chevrolet,Autoshow
117,2009 Corvette ZR1,1069,Chevrolet,Autoshow
118,2002 Corvette Z06,314,Chevrolet,Autoshow
119,1995 Corvette ZR-1,2006,Chevrolet,Autoshow
120,1988 Monte Carlo Super Sport,1575,Chevrolet,Story Progression
121,1979 Camaro Z28,1064,Chevrolet,Wheelspin
122,1970 Corvette ZR-1,315,Chevrolet,Autoshow
123,1970 El Caamino Super Sport 454,1291,Chevrolet,Autoshow
124,1970 Camaro Z28,1330,Chevrolet,Autoshow
125,1970 Chevelle Super Sport 454,299,Chevrolet,Autoshow
126,1969 Nova Super Sport 396 Forza Edition,2925,Chevrolet,Forza Edition
127,1969 Camaro Super Sport Coupe,289,Chevrolet,Autoshow
128,1969 Nova Super Sport 396,1429,Chevrolet,Autoshow
129,1967 Corvette Stingray 427,312,Chevrolet,Autoshow
130,1966 Nova Super Sport,1354,Chevrolet,Autoshow
131,1964 Impala Super Sport 409,1300,Chevrolet,Autoshow
132,1960 Corvette,1093,Chevrolet,Autoshow
133,1957 Bel Air HS,3144,Chevrolet,Horizon Story
134,1957 Bel Air,1459,Chevrolet,Autoshow
135,1955 150 Utility Sedan,2507,Chevrolet,Autoshow
136,1953 Corvette,1564,Chevrolet,Autoshow
137,1972 VH Valiant Charger R/T E49,2582,Chrysler,Autoshow
138,1970 510,1104,Datsun,Autoshow
139,2018 Challenger SRT Demon,2909,Dodge,Story Progression
140,2018 Durango SRT,2839,Dodge,Autoshow
141,2016 Viper ACR,2544,Dodge,Autoshow
142,2015 Charger SRT Hellcat,2468,Dodge,Autoshow
143,2015 Challenger SRT Hellcat,2263,Dodge,Autoshow
144,2013 Viper GTS,1562,Dodge,Autoshow
145,2008 Viper SRT10 ACR,1046,Dodge,Autoshow
146,1999 Viper GTS ACR,483,Dodge,Autoshow
147,1970 Challenger R/T,639,Dodge,Autoshow
148,1969 Charger Daytona Hemi,1063,Dodge,Autoshow
149,1969 Charger R/T,513,Dodge,Autoshow
150,1968 Dart Hemi Super Stock,1332,Dodge,Autoshow
151,2013 D8 GTO,2105,Donkervoort,Autoshow
152,2011 DS3 Racing,1665,DS Automobiles,Seasonal Reward
153,2012 Speedster,2908,Eagle,Autoshow
154,2018 Exocet Off-Road,3089,Exomotive,Fortune Island
155,2017 812 Superfast,2974,Ferrari,Forzathon Shop
156,2017 GTC4Lusso,3122,Ferrari,Car Pass
157,2015 F12TDF,2577,Ferrari,Autoshow
158,2015 488 GTB,2467,Ferrari,Autoshow
159,2014 FXX K,2371,Ferrari,Autoshow
160,2014 California T,2194,Ferrari,Autoshow
161,2013 LaFerrari,2034,Ferrari,Autoshow
162,2013 458 Speciale,2184,Ferrari,Autoshow
163,2012 F12Berlinetta,1570,Ferrari,Autoshow
164,2011 FF,1389,Ferrari,Autoshow
165,2010 599XX,1171,Ferrari,Autoshow
166,2010 599 GTO,1319,Ferrari,Autoshow
167,2009 458 Italia,1131,Ferrari,Autoshow
168,2007 430 Scuderia,1022,Ferrari,Autoshow
169,2005 FXX,1006,Ferrari,Car Pass
170,2003 360 Challenge Stradale,297,Ferrari,Autoshow
171,2002 Enzo Ferrari,333,Ferrari,Autoshow
172,2002 575M Maranello,257,Ferrari,Autoshow
173,1996 F50 GT,1020,Ferrari,Autoshow
174,1995 F50,342,Ferrari,Autoshow
175,1994 F355 Berlinetta,253,Ferrari,Autoshow
176,1992 512 TR,255,Ferrari,Autoshow
177,1989 F40 Competizione,1023,Ferrari,Autoshow
178,1987 F40,340,Ferrari,Autoshow
179,1984 288 GTO,358,Ferrari,Autoshow
180,1969 Dino 246 GT,326,Ferrari,Autoshow
181,1968 365 GTB/4,1318,Ferrari,Autoshow
182,1967 #24 Ferrari Spa 330 P4,2793,Ferrari,Autoshow
183,1963 250LM,2268,Ferrari,Autoshow
184,1962 250 GTO,249,Ferrari,Autoshow
185,1962 250 GT Berlinetta Lusso,1578,Ferrari,Autoshow
186,1957 250 Testa Rossa,1154,Ferrari,Autoshow
187,1957 250 California,1271,Ferrari,Autoshow
188,1953 500 Mondial,2186,Ferrari,Autoshow
189,1948 166MM Barchetta,2556,Ferrari,Autoshow
190,1980 124 Sport Spider,2195,Fiat,Autoshow
191,2018 #25 Mustang RTR,3093,Ford,Seasonal Reward
192,2018 #88 Mustang RTR,3151,Ford,Seasonal Reward
193,2018 Mustang GT Deberi Design,3085,Ford,Autoshow
194,2018 Mustang RTR Spec 5,3108,Ford,Seasonal Reward
195,2018 Mustang GT,3046,Ford,Autoshow
196,2017 GT,2363,Ford,Autoshow
197,2017 #14 Rahal Letterman Lanigan Racing GRC Fiesta,2937,Ford,Autoshow
198,2017 M-Sport Fiesta RS,3051,Ford,Autoshow
199,2017 Focus RS Preorder Car,3100,Ford,Preorder
200,2017 Focus RS,2357,Ford,Autoshow
201,2017 F-150 Raptor,2397,Ford,Autoshow
202,2016 Shelby GT350R,2400,Ford,Autoshow
203,2015 Falcon GT F 351,2580,Ford,Autoshow
204,2014 #11 Rockstar F-150 Trophy Truck,2517,Ford,Autoshow
205,2014 FPV Limited Edition Pursuit UTE,2551,Ford,Autoshow
206,2014 Ranger T6 Rally Raid,2145,Ford,Autoshow
207,2014 Fiesta ST,2011,Ford,Autoshow
208,2013 Shelby GT500,1654,Ford,Autoshow
209,2011 Transit SuperSportVan Forza Edition,2934,Ford,Forza Edition
210,2011 F-150 SVT Raptor,1460,Ford,Wheelspin
211,2011 Transit SuperSportVan,1477,Ford,Autoshow
212,2010 Crown Victoria Police Interceptor,2649,Ford,Wheelspin
213,2009 Focus RS,1086,Ford,Autoshow
214,2005 GT,348,Ford,Autoshow
215,2003 Focus RS,2019,Ford,Autoshow
216,2000 SVT Cobra R,405,Ford,Autoshow
217,1993 SVT Cobra R,1041,Ford,Wheelspin
218,1992 Escort RS Cosworth,1272,Ford,Autoshow
219,1987 Sierra Cosworth RS500,1293,Ford,Autoshow
220,1986 Escort RS Turbo,2981,Ford,Barn Find
221,1985 RS200 Evolution,1108,Ford,Story Progression
222,1981 Fiesta XR2,2158,Ford,Autoshow
223,1977 Escort RS1800,1302,Ford,Autoshow
224,1975 Bronco,2187,Ford,Autoshow
225,1973 Capri RS3100 Forza Edition,2929,Ford,Forza Edition
226,1973 XB Falcon GT,1278,Ford,Autoshow
227,1973 Capri RS3100,1529,Ford,Autoshow
228,1973 Escort RS1600,1580,Ford,Autoshow
229,1972 Falcon XA GT-HO Forza Edition,3012,Ford,Forza Edition
230,1972 Falcon XA GT-HO,2585,Ford,Autoshow
231,1971 Mustang Mach 1,1320,Ford,Autoshow
232,1969 Mustang Boss 302,1668,Ford,Autoshow
233,1968 Mustang GT 2+2 Fastback,2614,Ford,Car Pass
234,1966 #2 GT40 MK II Le Mans,2792,Ford,Autoshow
235,1966 Lotus Cortina,1486,Ford,Autoshow
236,1965 Mustang GT Coupe,1355,Ford,Autoshow
237,1965 Transit,3126,Ford,Autoshow
238,1964 GT40 MK I,2980,Ford,Barn Find
239,1959 Anglia 105E,2979,Ford,Autoshow
240,1956 F-100,1581,Ford,Autoshow
241,1946 Super Deluxe Station Wagon,2504,Ford,Autoshow
242,1940 De Luxe Coupe,1530,Ford,Autoshow
243,1932 De Luxe Five-Window Coupe,2372,Ford,Autoshow
244,2016 #530 HSV Maloo Gen-F,2997,Formula Drift,Autoshow
245,2015 #13 Ford Mustang,2996,Formula Drift,Autoshow
246,2006 #43 Dodge Viper SRT10,3003,Formula Drift,Autoshow
247,1997 #777 Nissan 240SX,3000,Formula Drift,Autoshow
248,1996 #232 Nissan 240SX,2999,Formula Drift,Autoshow
249,1995 #118 Nissan 240SX,2998,Formula Drift,Autoshow
250,1989 #98 BMW 325I,3037,Formula Drift,Autoshow
251,2018 F9,2935,Funco Motorsports,Fortune Island
252,1983 Vandura G-1500,1531,GMC,Autoshow
253,1985 VK Commodore Group A,2584,HDT,Autoshow
254,2012 Venom GT,1532,Hennessey,Autoshow
255,1966 IMP,3084,Hillman,Car Pass
256,1977 Torana A9X,1533,Holden,Autoshow
257,1974 Sandman HQ Panel Van,2510,Holden,Autoshow
258,1973 HQ Monaro GTS 350,2417,Holden,Autoshow
259,2018 Civic Type R,2870,Honda,Forzathon Shop
260,2016 Civic Coupe GRC,3069,Honda,Car Pass
261,2015 Ridgeline Baja Trophy Truck,2745,Honda,Autoshow
262,2015 Civic Type R,2163,Honda,Autoshow
263,2009 S2000 CR,2005,Honda,Autoshow
264,2007 Civic Type-R,625,Honda,Autoshow
265,2005 NSX-R GT,569,Honda,Car Pass
266,2005 NSX-R,411,Honda,Wheelspin
267,2004 Civic Type-R,302,Honda,Wheelspin
268,2003 S2000,427,Honda,Car Pass
269,1997 Civic Type R,1273,Honda,Autoshow
270,1994 Prelude SI,2121,Honda,Seasonal Reward
271,1992 NSX-R,412,Honda,Autoshow
272,1991 CR-X SiR,320,Honda,Autoshow
273,1984 Civic CRX Mugen,2119,Honda,Forzathon Shop
274,1974 Civic RS,1568,Honda,Car Pass
275,2017 Gymkhana 10 Ford Fiesta ST,2983,Hoonigan,Wheelspin
276,2016 Gymkhana 9 Ford Focus RS RX,2648,Hoonigan,Autoshow
277,2016 Gymkhana 10 Ford Focus RS RX,3115,Hoonigan,Forzathon Shop
278,2015 Gymkhana 8 Ford Fiesta ST RX43,2731,Hoonigan,Fortune Island
279,1992 Mazda RX-7 Twerkstallion,2732,Hoonigan,Autoshow
280,1991 Gymkhana 10 Ford Escort Cosworth Group A,2984,Hoonigan,Car Pass
281,1991 Rauh-Welt Begriff Porsche 911 Turbo,2736,Hoonigan,Story Progression
282,1986 Ford RS200 Evolution,3119,Hoonigan,Seasonal Reward
283,1978 Ford Escort RS1800,2730,Hoonigan,Autoshow
284,1977 Gymkhana 10 Ford F-150 'Hoonitruck',2982,Hoonigan,Car Pass
285,1972 Chevrolet Napalm Nova,2729,Hoonigan,Wheelspin
286,1965 Gymkhana 10 Ford Hoonigan Mustang,3006,Hoonigan,Forzathon Shop
287,"1965 Ford ""Hoonicorn"" Mustang",2734,Hoonigan,Autoshow
288,1955 Chevrolet Bel Air,2728,Hoonigan,Autoshow
289,2012 Rip Rod,2751,Hot Wheels,Seasonal Reward
290,2011 Bone Shaker,2575,Hot Wheels,Forzathon Shop
291,2005 Ford Mustang,2576,Hot Wheels,Seasonal Reward
292,1969 Twin Mill,2750,Hot Wheels,Seasonal Reward
293,2014 Limited Edition Gen-F GTS Maloo,2422,HSV,Autoshow
294,2014 Gen-F GTS,2131,HSV,Autoshow
295,1952 Hornet,1512,Hudson,Seasonal Reward
296,2006 H1 Alpha,1345,Hummer,Wheelspin
297,2019 Veloster N,2872,Hyundai,Autoshow
298,2015 Q60 Concept,2437,Infiniti,Autoshow
299,2014 Q50 Eau Rouge,2166,Infiniti,Autoshow
300,1970 Scout 800A,2558,International,Autoshow
301,2017 F-Pace S,2571,Jaguar,Autoshow
302,2016 F-Type Project 7,2492,Jaguar,Autoshow
303,2015 XKR-S GT,2235,Jaguar,Story Progression
304,2015 F-Type R Coupe,2162,Jaguar,Autoshow
305,2015 XFR-S,2185,Jaguar,Autoshow
306,2015 XE-S,2570,Jaguar,Autoshow
307,2012 XKR-S,1496,Jaguar,Autoshow
308,1993 XJ220,489,Jaguar,Barn Find
309,1990 XJ-S,1534,Jaguar,Autoshow
310,1964 Lightweight E-Type,2992,Jaguar,Autoshow
311,1961 E-Type S1,336,Jaguar,Barn Find
312,1959 MK II 3.8,2559,Jaguar,Autoshow
313,1956 D-Type,1301,Jaguar,Autoshow
314,1954 XK120 SE,1485,Jaguar,Autoshow
315,1953 C-Type,3097,Jaguar,Car Pass
316,2015 Aston Martin DB10,3060,James Bond,Autoshow
317,2010 Jaguar C-X75,3055,James Bond,Autoshow
318,2008 Aston Martin DBS,1081,James Bond,Autoshow
319,1999 BMW Z8,3050,James Bond,Autoshow
320,1986 Aston MArtin V8,3048,James Bond,Autoshow
321,1981 Citroen 2CV6,3070,James Bond,Autoshow
322,1977 Lotus Esprit S1,3061,James Bond,Autoshow
323,1974 AMC Hornet X Hatchback,3075,James Bond,Autoshow
324,1969 Aston Martin DBS,3024,James Bond,Autoshow
325,1964 Aston Martin DB5,3047,James Bond,Autoshow
326,2018 Grand Cherokee Trackhawk,2841,Jeep,Story Progression
327,2016 Trailcat,2742,Jeep,Story Progression
328,2014 Grand Cherokee SRT,2108,Jeep,Wheelspin
329,2012 Wrangler Rubicorn,1522,Jeep,Autoshow
330,1976 CJ5 Renegade,2511,Jeep,Autoshow
331,2018 Stinger,2861,Kia,Autoshow
332,2017 Agera RS,2910,Koenigsegg,Car Pass
333,2016 Regera,2526,Koenigsegg,Autoshow
334,2015 One:1,2188,Koenigsegg,Autoshow
335,2011 Agera,1397,Koenigsegg,Autoshow
336,2002 CC8S,294,Koenigsegg,Fortune Island
337,2018 X-BOW GT4,3035,KTM,Forzathon Shop
338,2013 X-BOW R,1653,KTM,Autoshow
339,2019 Urus,3120,Lamborghini,Fortune Island
340,2016 Centenario LP 770-4,2616,Lamborghini,Autoshow
341,2016 Aventador LP750-4 SV,2479,Lamborghini,Wheelspin
342,2014 Huracan LP 610-4,2164,Lamborghini,Story Progression
343,2014 Urus Concept,1625,Lamborghini,Autoshow
344,2013 Veneno,2042,Lamborghini,Autoshow
345,2012 Aventador LP700-4,1398,Lamborghini,Autoshow
346,2012 Aventador LP700-4 Forza Edition,2940,Lamborghini,Forza Edition
347,2012 Aventador J,1583,Lamborghini,Fortune Island
348,2012 Gallardo LP570-4 Spyder Performante,1601,Lamborghini,Car Pass
349,2011 Sesto Elemento,1392,Lamborghini,Autoshow
350,2011 Gallardo LP 570-4 Superleggera,1322,Lamborghini,Autoshow
351,2010 Murcielago LP 670-4 SV,1173,Lamborghini,Autoshow
352,2008 Reventon Forza Edition,3009,Lamborghini,Forza Edition
353,2008 Reventon,1125,Lamborghini,Autoshow
354,1997 Diablo SV,325,Lamborghini,Autoshow
355,1988 Countach LP5000 QV,316,Lamborghini,Autoshow
356,1986 LM 002,2176,Lamborghini,Autoshow
357,1972 Jarama S,2207,Lamborghini,Car Pass
358,1967 Miura P400,637,Lamborghini,Autoshow
359,1992 Delta HF Integrale Evo,323,Lancia,Wheelspin
360,1986 Delta S4,1661,Lancia,Autoshow
361,1982 037 Stradale,1295,Lancia,Autoshow
362,1974 Stratos HF Stradale,458,Lancia,Autoshow
363,1968 Fulvia Coupe Rallye 1.6 HF,1585,Lancia,Autoshow
364,2015 Range Rover Sport SVR,2494,Land Rover,Autoshow
365,1997 Defender 90,2135,Land Rover,Autoshow
366,1973 Range Rover,2985,Land Rover,Barn Find
367,1972 Series III Forza Edition,2944,Land Rover,Forza Edition
368,1972 Series III,2560,Land Rover,Autoshow
369,2014 Rally Fighter,2146,Local Motors,Autoshow
370,1#6 Penske Sunoco T70 MKIIIB,2423,Lola,Autoshow
371,2016 3-Eleven,2541,Lotus,Autoshow
372,2012 Exige S,1523,Lotus,Autoshow
373,2011 Evora S,2165,Lotus,Autoshow
374,2009 2-Eleven,1187,Lotus,Wheelspin
375,2005 Elise 111S,331,Lotus,Wheelspin
376,2002 Esprit V8,335,Lotus,Autoshow
377,2000 340R,2405,Lotus,Autoshow
378,1999 Elise Series 1 Sport 190,1376,Lotus,Seasonal Reward
379,1997 Elise GT1,2825,Lotus,Barn Find
380,1971 Elan Sprint,330,Lotus,Autoshow
381,1956 Eleven,1558,Lotus,Autoshow
382,2017 Levante S,2865,Maserati,Seasonal Reward
383,2010 Gran Turismo S,1304,Maserati,Autoshow
384,2004 MC12 Forza Edition,2945,Maserati,Forza Edition
385,2004 MC12,391,Maserati,Autoshow
386,1961 Tipo 61 Birdcage,1524,Maserati,Autoshow
387,1957 300 S,1462,Maserati,Autoshow
388,1953 A6GCS/53 Pininfarina Berlinetta,2506,Maserati,Autoshow
389,1939 8CTF,2068,Maserati,Autoshow
390,2016 MX-5,2267,Mazda,Autoshow
391,2013 MX-5,2004,Mazda,Autoshow
392,2011 RX-8 R3,2426,Mazda,Autoshow
393,2005 Mazdaspeed MX-5,2171,Mazda,Autoshow
394,2002 RX-7 Spirit R Type-A,425,Mazda,Car Pass
395,1997 RX-7,424,Mazda,Autoshow
396,1994 MX-5 Miata,1110,Mazda,Autoshow
397,1990 Savanna RX-7,423,Mazda,Autoshow
398,2018 720S Coupe Preorder Car,3101,McLaren,Preorder
399,2018 Senna (SE),3106,McLaren,Horizon Story
400,2018 Senna,2988,McLaren,Autoshow
401,2018 Senna (AE),3105,McLaren,Horizon Story
402,2018 720S Coupe,2846,McLaren,Autoshow
403,2015 650S Coupe,2189,McLaren,Car Pass
404,2015 570S Coupe,2472,McLaren,Autoshow
405,2014 650S Spider,3087,McLaren,Autoshow
406,2013 P1,1667,McLaren,Autoshow
407,1997 F1 GT,338,McLaren,Autoshow
408,1993 F1,1314,McLaren,Autoshow
409,2017 GT R Preorder Car,3104,Mercedes-AMG,Preorder
410,2017 GT R,2654,Mercedes-AMG,Autoshow
411,2016 C 63 A Coupe,2471,Mercedes-AMG,Autoshow
412,2015 GT S,2242,Mercedes-AMG,Autoshow
413,2015 #24 Tankpool24 Racing Truck,2424,Mercedes-Benz,Autoshow
414,2014 Unimog U5023,2986,Mercedes-Benz,Autoshow
415,2013 E 63 AMG,2021,Mercedes-Benz,Wheelspin
416,2013 A 45 AMG,1658,Mercedes-Benz,Autoshow
417,2013 G 65 AMG,1627,Mercedes-Benz,Autoshow
418,2012 C 63 AMG Coupe Black Series,1500,Mercedes-Benz,Autoshow
419,2012 SLK 55 AMG,1525,Mercedes-Benz,Autoshow
420,2011 SLS AMG,1202,Mercedes-Benz,Autoshow
421,2009 SL 65 AMG Black Series Forza Edition,2949,Mercedes-Benz,Forza Edition
422,2009 SL 65 AMG Black Series,1050,Mercedes-Benz,Autoshow
423,1998 AMG CLK GTR,568,Mercedes-Benz,Autoshow
424,1990 190E 1.5-16 Evolution II,1296,Mercedes-Benz,Autoshow
425,1967 280 SL,1619,Mercedes-Benz,Seasonal Reward
426,1955 300 SLR,1559,Mercedes-Benz,Autoshow
427,1954 300 SL Coupe,251,Mercedes-Benz,Autoshow
428,1939 W154,2069,Mercedes-Benz,Autoshow
429,1929 Super Sport Kurz Barker Roadster,3026,Mercedes-Benz,Car Pass
430,1949 Coupe,1613,Mercury,Autoshow
431,1971 Manx,2416,Meyers,Autoshow
432,1986 Metro 6R4,2147,MG,Autoshow
433,1966 MGB GT,1589,MG,Barn Find
434,1958 MGA Twin-Cam,1487,MG,Autoshow
435,1938 TA Nidget,3096,MG,Autoshow
436,2013 X-Raid All4 Racing Countryman,2148,Mini,Autoshow
437,2012 John Cooper Works GP,2003,Mini,Wheelspin
438,2009 John Cooper Works,1098,Mini,Autoshow
439,1965 Cooper S,1662,Mini,Barn Find
440,2008 Lancer Evolution X GSR,1009,Mitsubishi,Autoshow
441,2006 Lancer Evolution IX MR,374,Mitsubishi,Autoshow
442,2004 Lancer Evolution VIII MR,378,Mitsubishi,Autoshow
443,1999 Lancer Evolution VI GSR,375,Mitsubishi,Autoshow
444,1997 GTO,357,Mitsubishi,Autoshow
445,1995 Eclipse GSX,327,Mitsubishi,Autoshow
446,1992 Galant VR-4,1381,Mitsubishi,Autoshow
447,2018 Aero GT,3094,Morgan,Car Pass
448,2014 3 Wheeler,2562,Morgan,Autoshow
449,2010 Aero Supersports,1245,Morgan,Autoshow
450,1958 Minor 1000,2911,Morris,Fortune Island
451,1953 Minion Series II Traveler,3116,Morris,Autoshow
452,2010 MT900S,1246,Mosler,Seasonal Reward
453,2018 Sentra Nismo,2874,Nissan,Car Pass
454,2017 GT-R Preorder Car,3102,Nissan,Preorder
455,2017 GT-R,2618,Nissan,Autoshow
456,2016 Titan Warrior Concept Forza Edition,2953,Nissan,Forza Edition
457,2016 Titan Warrior Concept,2662,Nissan,Autoshow
458,2012 GT-R Black Edition,2002,Nissan,Autoshow
459,2010 370Z,1103,Nissan,Autoshow
460,2003 Fairlady Z,344,Nissan,Autoshow
461,2002 Skyline GT-R V-Spec II,445,Nissan,Story Progression
462,2000 Silvia Spec-R,441,Nissan,Autoshow
463,1998 R390,567,Nissan,Autoshow
464,1998 Silvia K's Aero,2659,Nissan,Autoshow
465,1997 Skyline GT-R V-Spec,1043,Nissan,Autoshow
466,1995 Nismo GT-R LM Forza Edition,2952,Nissan,Forza Edition
467,1995 Nismo GT-R LM,2738,Nissan,Wheelspin
468,1994 Fairlady Z Version S Twin Turbo,345,Nissan,Seasonal Reward
469,1994 Silvia K's,440,Nissan,Autoshow
470,1993 Skyline GT-R V-Spec,444,Nissan,Autoshow
471,1993 240SX SE,1282,Nissan,Autoshow
472,1992 Silvia Club K's,439,Nissan,Autoshow
473,1987 Skyline GTS-R (R31),2512,Nissan,Autoshow
474,1973 Skyline H/T 2000GT-R,2270,Nissan,Autoshow
475,1971 Skyline 2000GT-R,1042,Nissan,Autoshow
476,1969 Fairlady Z 432,343,Nissan,Autoshow
477,2010 M600,1253,Noble,Story Progression
478,1969 Hurt/Olds 442,1336,Oldsmobile,Autoshow
479,1984 Manta 400,2420,Opel,Autoshow
480,1963 Kadett A,2497,Opel,Car Pass
481,2016 Huayra BC,2647,Pagani,Autoshow
482,2012 Huayra,1427,Pagani,Autoshow
483,2010 Zonda R Forza Edition,2954,Pagani,Forza Edition
484,2010 Zonda R,1175,Pagani,Autoshow
485,2009 Zonda Cinque Roadster,1369,Pagani,Autoshow
486,1965 Trident,3005,Peel,Car Pass
487,1962 P50,2987,Peel,Barn Find
488,2011 The Cholla,2515,Penhall,Story Progression
489,1984 205 Turbo 16 Forza Edition,2955,Peugeot,Forza Edition
490,1984 205 T16,1591,Peugeot,Autoshow
491,1971 Cuda 426 Hemi,1277,Plymouth,Autoshow
492,2015 RZR XP 1000 EPS,2521,Polaris,Autoshow
493,1987 Firebird Trans AM GTA,1045,Pontiac,Autoshow
494,1977 Firebird Trans AM,1276,Pontiac,Autoshow
495,1973 Firebird Trans AM SD-455,1005,Pontiac,Wheelspin
496,1969 GTO Judge,1309,Pontiac,Autoshow
497,1965 GTO,1285,Pontiac,Seasonal Reward
498,2019 911 GT3 RS,3072,Porsche,Forzathon Shop
499,2019 911 Carrera S,3123,Porsche,Car Pass
500,2018 911 GT2 RS,2755,Porsche,Autoshow
501,2018 Cayenne Turbo,2773,Porsche,Wheelspin
502,2017 Panamera Turbo,2741,Porsche,Autoshow
503,2016 911 GT3 RS Preorder Car,3103,Porsche,Preorder
504,2016 911 GT3 RS,2528,Porsche,Autoshow
505,2016 Cayman GT4,2529,Porsche,Autoshow
506,2015 Cayman GTS,2293,Porsche,Story Progression
507,2015 Macan Turbo,2295,Porsche,Autoshow
508,2014 918 Spyder,2290,Porsche,Autoshow
509,2014 911 Turbo S,2289,Porsche,Autoshow
510,2012 911 GT2 RS,1539,Porsche,Autoshow
511,2012 911 GT3 RS 4.0,2297,Porsche,Autoshow
512,2012 Cayenne Turbo,1542,Porsche,Autoshow
513,2004 911 GT3,262,Porsche,Autoshow
514,2003 Carrera GT,292,Porsche,Autoshow
515,1998 911 GT1 Strassenversion,641,Porsche,Autoshow
516,1995 911 GT2,261,Porsche,Autoshow
517,1993 968 Turbo S,2534,Porsche,Car Pass
518,1989 944 Turbo,268,Porsche,Autoshow
519,1987 959,269,Porsche,Autoshow
520,1985 #185 959 Prodrive Rally Raid,3031,Porsche,Car Pass
521,1982 911 Turbo 3.3,265,Porsche,Autoshow
522,1973 911 Carrera RS,260,Porsche,Autoshow
523,1971 #23 917/20,2869,Porsche,Autoshow
524,1970 914/6,266,Porsche,Seasonal Reward
525,1960 718 RS 60,2537,Porsche,Autoshow
526,1959 356 A 1600 Super,3036,Porsche,Car Pass
527,1957 356A Speedster,2299,Porsche,Autoshow
528,1955 550A Spyder,1281,Porsche,Autoshow
529,723 Regalia,2754,Quartz,Seasonal Reward
530,2016 723 Regalia Type-D,3092,Quartz,Other
531,2015 RXC Turbo,2486,Radical,Autoshow
532,2017 Rebel TRX Concept,3121,RAM,Fortune Island
533,2017 2500 Power Wagon,2838,RAM,Story Progression
534,1972 Supervan III,2563,Reliant,Autoshow
535,2013 Clio R.S. 200 EDC,2022,Renault,Autoshow
536,2010 Clio R.S. Forza Edition,2965,Renault,Forza Edition
537,2010 Megane R.S. 250,1204,Renault,Autoshow
538,2010 Clio R.S.,1264,Renault,Autoshow
539,1993 Clio Williams,2149,Renault,Story Progression
540,1980 5 Turbo Forza Edition,2958,Renault,Forza Edition
541,1980 5 Turbo,634,Renault,Autoshow
542,1973 Alpine A110 1600S,1536,Renault,Story Progression
543,2016 #37 Polaris RZR-Rockstar Energy Pro 2 Truck,2663,RJ Anderson,Autoshow
544,2010 S5S Raptor,1197,Saleen,Fortune Island
545,2004 S7,432,Saleen,Autoshow
546,1965 Cobra 427 S/C,306,Shelby,Autoshow
547,1965 Cobra Daytona Coupe,1155,Shelby,Autoshow
548,2016 GTA Spano,2475,Spania GTA,Autoshow
549,2016 #199 WRX STI VT15R Rally Car,2715,Subaru,Autoshow
550,2015 WRX STI,2168,Subaru,Autoshow
551,2013 BRZ,1655,Subaru,Autoshow
552,2011 WRX STI,1323,Subaru,Autoshow
553,2008 Impreza WRX STI,1060,Subaru,Autoshow
554,2005 Impreza WRX STI,365,Subaru,Autoshow
555,2004 Impreza WRX STI,364,Subaru,Wheelspin
556,1998 Impreza 22B STI,363,Subaru,Barn Find
557,1990 Legacy RS,1382,Subaru,Autoshow
558,1967 Tiger,2141,Sunbeam,Autoshow
559,1979 Sunbeam Lotus,2564,Talbot,Autoshow
560,2017 Racemo,2746,Tamo,Autoshow
561,2014 Gurkha Lapv,2393,Terradyne,Autoshow
562,2016 Land Cruiser Arctic Trucks AT37,2743,Toyota,Autoshow
563,2007 Hilux Arctic Trucks AT38,2656,Toyota,Autoshow
564,1993 #1 T100 Baja Truck,2636,Toyota,Autoshow
565,1970 TR6 PI,1593,Triumph,Car Pass
566,1962 TR3B,1489,Triumph,Car Pass
567,1962 Spitfire,2994,Triumph,Barn Find
568,2018 Griffith,2993,TVR,Car Pass
569,2005 Sagaris Forza Edition,2962,TVR,Forza Edition
570,2005 Sagaris,433,TVR,Autoshow
571,2001 Tuscan S,477,TVR,Seasonal Reward
572,1998 Cerbera Speed 12,296,TVR,Barn Find
573,2015 Evolution Coupe 1020,2569,Ultima,Story Progression
574,2016 Corsa VXR,2427,Vauxhall,Autoshow
575,2012 Astra VXR,1490,Vauxhall,Autoshow
576,2010 Insignia VXR,1190,Vauxhall,Car Pass
577,2005 Monaro VRX,397,Vauxhall,Autoshow
578,2004 VX220 Turbo,487,Vauxhall,Car Pass
579,1990 Lotus Carlton,291,Vauxhall,Autoshow
580,2017 #34 Volkswagen Andretti Rallycross Beetle,3007,Volkswagen,Autoshow
581,2014 Global Rallycross Beetle,2257,Volkswagen,Wheelspin
582,2014 Golf R,2142,Volkswagen,Autoshow
583,2011 Scirocco R,1428,Volkswagen,Autoshow
584,2010 Golf R,1231,Volkswagen,Wheelspin
585,2008 Touareg R50,1094,Volkswagen,Autoshow
586,2003 Golf R32,354,Volkswagen,Autoshow
587,1998 GTI VR6 MK3,1383,Volkswagen,Autoshow
588,1995 Corrado VR6,309,Volkswagen,Autoshow
589,1992 Golf GTI 16V MK2,353,Volkswagen,Autoshow
590,1983 Golf GTI,2995,Volkswagen,Autoshow
591,1981 Scirocco S,1380,Volkswagen,Autoshow
592,1970 #1107 Desert Dingo Racing Stock Beetle,2258,Volkswagen,Autoshow
593,1969 Class 5/1600 Baja Bug,2568,Volkswagen,Autoshow
594,1966 Double Cab Pick-up,3078,Volkswagen,Car Pass
595,1963 Beetle,1435,Volkswagen,Autoshow
596,1963 Type 2 De Luxe,2151,Volkswagen,Autoshow
597,1963 Type 2 De Luxe Forza Edition,2963,Volkswagen,Forza Edition
598,2016 Iron Knight,2991,Volvo,Autoshow
599,2015 V60 Polestar,2586,Volvo,Autoshow
600,1997 850 R,1387,Volvo,Autoshow
601,1983 242 Turbo Evolution,1299,Volvo,Autoshow
602,2016 Lykan Hypersport,2428,W Motors,Autoshow
603,1945 MB Jeep,2049,Willys,Autoshow
604,2016 ST1,2474,Zenvo,Story Progression
605,Null Car,1215,Playground,Traffic / Null
606,Box Truck,2713,Playground,Traffic / Null
607,Bus,2714,Playground,Traffic / Null
608,Gritter,2900,Playground,Traffic / Null
609,Tractor,2901,Playground,Traffic / Null
610,Flatbed,2902,Playground,Traffic / Null
611,1975 Bronco Barrett-Jackson Edition,3041,Ford,Autoshow
612,"1932 Custom ""Double Down""",2585,Ford,Autoshow
613,"1932 Roadster ""Hula Girl""",3042,Ford,Autoshow
614,1970 Chevelle Super Sport Barrett-Jackson Edition,3040,Chevrolet,Autoshow
615,1970 Hemi Cuda Convertible Barret-Jackson Edition,3045,Plymouth,Autoshow
616,1959 Atomic Punk Bubbletop,3044,Plymouth,Autoshow
617,1963 Monaco King Cobra,3079,Shelby,Autoshow
618,1967 Chevelle Super Sport 396,1420,Chevrolet,Seasonal Reward
619,2012 599XX Evoluzione,1599,Ferrari,Seasonal Reward
620,2018 GT 4-Door Coupe,3064,Mercedes-AMG,Seasonal Reward
621,2018 X-Class,3063,Mercedes-Benz,Seasonal Reward
622,1958 Fury,2216,Plymouth,Seasonal Reward
623,2009 Corsa VXR,1101,Vauxhall,Seasonal Reward
624,2010 3 Traffic,2711,Mazda,Traffic / Null
625,1964 FX4 Taxi Traffic,2892,Austin,Traffic / Null
626,2004 S4 Traffic,2891,Audi,Traffic / Null
627,2011 X5 Traffic,2708,BMW,Traffic / Null
628,2000 323ti,2893,BMW,Traffic / Null
629,2010 500 Traffic,2709,Fiat,Traffic / Null
630,2011 Transit Traffic,2710,Ford,Traffic / Null
631,2009 Fiesta Zetec Traffic,2894,Ford,Traffic / Null
632,1997 Defender 90 Traffic,2895,Land Rover,Traffic / Null
633,2009 A 2000 Traffic,2896,Mercedes-Benz,Traffic / Null
634,2004 C32 Traffic,2897,Mercedes-Benz,Traffic / Null
635,2010 Mini Cooper Traffic,2898,Mini,Traffic / Null
636,1965 Mini Cooper Traffic,2899,Mini,Traffic / Null
637,2011 Fox Traffic,2907,Volkswagen,Traffic / Null
638,2003 Bora Traffic,2905,Volkswagen,Traffic / Null
639,1998 GTI Traffic,2906,Volkswagen,Traffic / Null
640,2005 Legacy Traffic,2903,Subaru,Traffic / Null
641,2018 Intensa Emozione,3141,Apollo,Seasonal Reward
642,1970 GSX,1329,Buick,Seasonal Reward
643,2008 MC12 Versione Corsa,3082,Maserati,Seasonal Reward
644,1965 Mini-Traveller,3142,Morris,Seasonal Reward
645,2018 John Cooper Works All4 Countryman,3131,Mini,Seasonal Reward
646,2018 John Cooper Works Convertible,3133,Mini,Seasonal Reward
647,2018 X-Raid John Cooper Works Buggy,3132,Mini,Seasonal Reward
648,"1970 Rebel ""The Machine""",1572,AMC,Seasonal Reward
649,1969 Dino 2.4 Coupe,1615,Fiat,Seasonal Reward
650,2014 Ghibli S Q4,2051,Maserati,Seasonal Reward
651,2019 C_Two,3140,Rimac,Seasonal Reward
652,2019 Mclaren Senna,3208,Lego Speed Champions,Lego Valley
653,1987 Ferrari F40 Competizione,3207,Lego Speed Champions,Lego Valley
654,1967 Mini Cooper S Rally,3210,Lego Speed Champions,Lego Valley
655,1999 Impala SS,1379,Chevrolet,Seasonal Reward
656,2019 Ranger Raptor,3174,Ford,Autoshow
657,2013 Wrangler Unlimited(Deberti),3110,Jeep,Seasonal Reward
658,2007 CCX,1275,Koenigsegg,Seasonal Reward
659,2011 12c Coupe,1130,McLaren,Seasonal Reward
660,2014 G 63 AMG 6X6,3107,Mercedes-Benz,Seasonal Reward
661,"2017 E 350D ""Project E-AT""",3130,Mercedes-Benz,Seasonal Reward
662,2018 Track-Tor,3086,Top Gear,Seasonal Reward
663,2014 Flatbed Series,3279,Playground,Horizon Story
664,2017 Vanquish Zagato Coupe,3125,Aston Martin,Seasonal Reward
665,2019 DBS Superleggera,3185,Aston Martin,Seasonal Reward
666,1967 Karmann Ghia,1561,Volkswagen,Seasonal Reward
667,1967 Type 3 1600 L,2374,Volkswagen,Seasonal Reward
668,1973 Porsche 911 rs 3.0 Lego,3253,Lego Speed Champions,Lego Valley
669,2018 Zerouno,3194,Italdesign,Seasonal Reward
670,2018 718 Cayman GTS,3117,Porsche,Seasonal Reward
671,1970 917 LH,2549,Porsche,Seasonal Reward
672,1966 906 Carrera 6,3021,Porsche,Seasonal Reward
673,1951 356 SL Gmund Coupe,3111,Porsche,Seasonal Reward
674,2019 Macan Turbo,3074,Porsche,Seasonal Reward
675,2019 F-150 PreRunner Deberti Edition,3109,Ford,Seasonal Reward
676,2018 600LT Coupe,3153,McLaren,Seasonal Reward
677,2019 720S Spider,3154,McLaren,Seasonal Reward
678,2018 #94 Volkswagen Motorsport I.D R Pikes Peak,3223,Volkswagen,Seasonal Reward
679,2013 P1 “Owens” Edition,3300,McLaren,Other
680,2019 Divo,3168,Bugatti,Seasonal Reward
681,2010 M3 GTS,1598,BMW,Seasonal Reward
682,2008 CCGT,1007,Koenigsegg,Seasonal Reward
683,2010 Q1,1248,Rossion,Seasonal Reward
684,2018 GT,3195,ATS,Seasonal Reward
685,1999 Diablo GTR,324,Lamborghini,Seasonal Reward
686,1970 512 S,3062,Ferrari,Seasonal Reward
687,2019 488 Pista,3227,Ferrari,Seasonal Reward
688,1998 Supra RZ,461,Toyota,Autoshow
689,2017 A110,2973,Alpine,Seasonal Reward
690,2008 Megane R26.R,3129,Renault,Seasonal Reward
691,2007 Clio RS 197,635,Renault,Seasonal Reward
692,2003 Sport Clio V6,453,Renault,Seasonal Reward
693,2018 Megane R.S.,3134,Renault,Seasonal Reward
694,2016 Clio R.S. 16 Concept,3182,Renault,Seasonal Reward
695,1970 Cougar Eliminator,1280,Mercury,Seasonal Reward
696,2006 H1 Alpha Open Top,1624,Hummer,Seasonal Reward
697,2018 Huracan Performante,3217,Lamborghini,Seasonal Reward
698,1964 356 Cabriolet Emory Special,3150,Porsche,Seasonal Reward
699,1985 Sprinter Trueno GT Apex,455,Toyota,Seasonal Reward
700,2017 Vulcan AMR Pro,3211,Aston Martin,Seasonal Reward
701,1994 Supervan 3,3170,Ford,Seasonal Reward
702,2010 LFA,1260,Lexus,Seasonal Reward
703,1984 SD1 Vitesse,3236,Rover,Seasonal Reward
704,2019 Bugatti Chiron,3209,Lego Speed Champions,Seasonal Reward
705,2019 Speedtail,3156,McLaren,Seasonal Reward
706,1933 Napier-Railton,2989,Napier,Seasonal Reward
707,1969 2000GT,247,Toyota,Seasonal Reward
708,1983 Vandura G-1500,3065,GMC,Horizon Story
709,2011 Transit Supersportvan Stories,3066,Ford,Horizon Story
710,2018 Portofino,3225,Ferrari,Seasonal Reward
711,2007 #177 599 GTB Fiorano,3249,Formula Drift,Seasonal Reward
712,2018 E 63 S ,3250,Mercedes-AMG,Seasonal Reward
713,1995 911 Carrera 2 By Gunther Werks,3160,Porsche,Seasonal Reward
714,1992 Supra 2.0 GT Twin Turbo,460,Toyota,Seasonal Reward
715,2013 #777 Chevrolet Corvette,3232,Formula Drift,Seasonal Reward
716,1999 Racing Puma,3228,Ford,Seasonal Reward
717,1988 Starion ESI-R,1297,Mitsubishi,Seasonal Reward
718,1990 Pulsar GTI-R,3257,Nissan,Seasonal Reward
719,1991 205 Rallye,3180,Peugeot,Seasonal Reward
720,1992 Celica GT-Four ST185,1517,Toyota,Seasonal Reward
721,1994 Celica GT-Four ST205,1034,Toyota,Seasonal Reward
722,1974 Corolla SR5,1537,Toyota,Seasonal Reward
723,1974 Celica GT,1592,Toyota,Seasonal Reward
724,1989 MR2 SC,1395,Toyota,Seasonal Reward
725,1995 MR2 GT,398,Toyota,Seasonal Reward
726,1977 #5 Escort RS1800 MKII,3184,Ford,Seasonal Reward
727,1970 GT70,3167,Ford,Seasonal Reward
728,1985 RX-7 GSL-SE,1480,Mazda,Seasonal Reward
729,2019 TSR-S,3212,Zenvo,Seasonal Reward
730,1988 VL Commodore Group A SV,2203,Holden,Seasonal Reward
731,1996 GTSR,2582,HSV,Seasonal Reward
732,2011 GTS,1396,HSV,Seasonal Reward
733,"1996 F50 GT ""Welcome Pack""",3464,Ferrari,Car Pass
734,"2017 GT ""Welcome Pack""",3466,Ford,Car Pass
735,"1960 718 RS 60 ""Welcome Pack""",3468,Porsche,Car Pass
736,"2016 Gymkhana 9 Ford Focus RS RX ""Welcome Pack""",3470,Hoonigan,Car Pass
737,"1993 #1 T100 Baja Truck ""Welcome Pack""",3469,Toyota,Car Pass
738,"2012 Aventador LP700-4 ""Welcome Pack""",3465,Lamborghini,Car Pass
739,"2016 #199 WRX STI VT15R Rally Car ""Welcome Pack""",3471,Subaru,Car Pass
740,"1976 CJ5 Renegade ""Welcome Pack""",3467,Jeep,Car Pass
741,1992 Turbo R,3172,Bentley,Seasonal Reward
742,2020 I-Pace,3164,Jaguar,Seasonal Reward
743,2020 Range Rover Velar First Edition,3136,Land Rover,Seasonal Reward
744,2018 #64 Nissan 370z ,3247,Formula Drift,Seasonal Reward
745,2015 RC F,2175,Lexus,Seasonal Reward
746,2009 IS F,1071,Lexus,Seasonal Reward
747,2013 GT86,2007,Toyota,Seasonal Reward